"Cylinders","Avg.Consumption.In.l.per.100km"
4,10.3023438107577
6,12.3670999624341
8,16.1938503249805
